
    <?xml version="1.0" encoding="UTF-8"?>
<root>
   <people>
      <element>
         <age>35</age>
         <name>antonio</name>
      </element>
      <element>
         <age>40</age>
         <name>joao</name>
      </element>
      <element>
         <age>25</age>
         <name>maria</name>
      </element>
      <element>
         <age>20</age>
         <name>laura</name>
      </element>
      <element>
         <age>30</age>
         <name>karina</name>
      </element>
      <element>
         <age>35</age>
         <name>talita</name>
      </element>
      <element>
         <age>30</age>
         <name>karina2</name>
      </element>
      <element>
         <age>30</age>
         <name>karina3</name>
      </element>
      <element>
         <age>30</age>
         <name>karina3</name>
      </element>
      <element>
         <age>30</age>
         <name>karina3</name>
      </element>