{
  "people": [
    {
      "name":"antonio",
      "age": 35
    },
    {
      "name":"joao",
      "age":40
    },
    {
      "name":"maria",
      "age":25
    },
    {
      "name":"laura",
      "age":20
    },
    {
      "name":"karina",
      "age":30
    },
    {
      "name":"talita",
      "age": 35
    },
    {
      "name":"karina2",
      "age":30
    },
    {
      "name":"karina3",
      "age":30
    },
    {
      "name":"karina3",
      "age":30
    },
    {
      "name":"karina3",
      "age":30
    }
    
  ]
}




